質問,回答,カテゴリ,キーワード,リンク名,立場,信頼度,件名,概要,対応結果
イントラマートの飲食費申請で「ショートカット情報が存在していません」というエラーが表示される場合の対処法は？,「ショートカット情報が存在していません」と表示される場合、以下の原因が考えられます。1. ログインID・パスワードが間違っている（出向者の場合はアカウントが2つあるため、正しいアカウントでログインしてください）。2. 既に承認や差戻しの処理を実施した案件のURLを開いている。3. メール内のURLの有効期限が30日のため、30日以前に届いたURLを開いている。詳細はよくあるお問い合わせのリンクをご参照ください。,質問,イントラマート;飲食費申請;ショートカット情報が存在していません;エラー;承認依頼メール;ログインID;パスワード;URL有効期限,よくあるお問合せ,申請者,0.95,【intra-mart】飲食費・ゴルフ関係費申請DBについて,"イントラマートの飲食費申請についてご質問のになります。
近畿第二事業部所属の上村が飲食費申請を申請したところ、
近畿第二事業部長の中野の画面にて以下の表示が出ました。

「ショートカット情報が存在していません。」

中野は3月16日付で新たに事業部長に着任された方になります。
こちらの原因は何が考えられますか？
ユーザー登録関係であると思うのですが、中NFポータルにある申請は処理可能だそうです。
中NFポータルとユーザー登録情報が違う場合はどちらを変更申請すればよろしいでしょうか？","【対応内容(一次)】
「ショートカット情報が存在していません」の表示が出るとのことですが、
以下原因の可能性がありますので、よくあるお問合せのリンクをお送りいたします。


承認依頼メール内のURLを開こうとすると、「ショートカット情報が存在していません」と表示される。

【1】ログインID・パスワードが間違っている。
　　※出向者の場合はアカウントが２つありますので、正しいアカウントでログインをお願いいたします。
【2】既に承認や差戻しの処理を実施した案件のURLを開こうとしている。
【3】メール内のURLの有効期限が30日のため、30日以前に届いたURLを開こうとしている。

【対応内容(二次)】
nan"
イントラマートの飲食・ゴルフ申請が未承認欄に表示されない場合の対処方法を教えてください,複数のアカウントが存在する場合、申請が未承認欄に表示されないことがあります。該当申請については、正しいアカウント（「0212」から始まるアカウント）でログインして操作してください。不要なアカウントは、全て承認後に廃止するか、再申請してください。,質問,イントラマート;飲食申請;ゴルフ申請;未承認;アカウント;ワークフロー;申請;ログインID,,申請者,0.95,【intra-mart】イントラマートの飲食承認について,"*********************************
【問い合わせ内容】
・フロー名：a_19_飲食・ゴルフ申請_ゴルフ費申請
・ワークフローでのお困り事（問合せ内容）：
ログインIDは　頭0950の方で入っています

他の稟議申請は　未承認欄にありますが
飲食とゴルフの稟議だけが　未承認にきません

他の稟議は　メールのURLで開きますが
飲食とゴルフだけ　開けません

至急、ご確認お願いします
*********************************","【対応内容(一次)】
以下コールの続き
コールID：C000058537

池田様は、「0950」から始まるアカウントと「0212」から始まるアカウントが存在するため、
「0212」から始まるアカウントでログインいただくようにお伝えし、解決しました。

「0212」のアカウントは不要とのことでしたので、現在未処理できている案件については全て承認後に廃止していただくか、再申請していただくようにお伝えしました。

【対応内容(二次)】
nan"
イントラマートの飲食費申請で、管理本部長へメールが送信されないようにする方法を教えてください。,管理本部長へメールが送信されるのは、マスタに閲覧者として登録されていることが原因です。マスタの設定変更については、マスタを管理しているNH経理財務部へお問い合わせください。,質問,イントラマート;飲食費申請;ワークフロー;管理本部長;メール通知;マスタ設定;閲覧者;NH経理財務部,,申請者,0.95,【intra-mart】イントラマートの飲食承認について,"*********************************
【問い合わせ内容】
・フロー名：飲食費申請
・ワークフローでのお困り事（問合せ内容）：
第一事業部の飲食・ゴルフ申請ですが
申請者に　0950 の方の池田事業部長を選択してもらっても
池田事業部長の 0950でログイン画面には入ってこないようです
とりあえず、0212でログインして　承認してもらっています

また、第一事業部の　飲食・ゴルフ申請をすると
管理本部長の松岡伸晃さんへメールが送信されます
開くと「確認」を押す画面になります

他の事業部は　管理本部長へはメールが来ませんので
設定間違いと思われます。

松岡さんへメールが送信されないようにしたいのですが
どうすれば良いでしょうか？
*********************************","【対応内容(一次)】
有効なアカウントが全て表示されてしまうため、0212のアカウントが不要でしたら廃止していただくようにお伝えしました。

松岡さんへメールが飛ぶ件については、マスタに閲覧者として登録されていることが原因になりますので、マスタを管理されているNH経理財務部へお問合せいただくようにお伝えしました。

【対応内容(二次)】
nan"
イントラマートの事前飲食申請で、通常申請しても承認者に承認依頼が届かない場合はどうすればよいですか？,一時的な障害により承認者が設定されない場合があります。障害が解消された後、再申請することで正常に承認依頼が届きます。,質問,イントラマート;事前飲食申請;承認依頼;通常申請;承認者;障害;再申請;ステータス,,申請者,0.95,飲食事前申請　承認依頼されない件,"イントラマートの事前飲食申請に関しまして
通常申請で申請しておりますが、承認者に承認依頼がいきません。
普段であれば、ステータス名が「事前承認待ち」となりますが、「代理元承認待ち」になっております。
(代理申請にはしておりません)
何か原因があるか調べて頂きたいです。
ご確認の程、よろしくお願いいたします。","【対応内容(一次)】
飲食ゴルフ申請の担当者へエスカレーション。

【対応内容(二次)】
旭川営業部の冨樫様が申請した案件のお問合せでした。
確認したところ、2月6日17:56 ～ 2月7日13:30に障害が発生しており承認者が設定されないようになっていました。
現在は解消済みですので、再申請していただくようにお伝えしました。
問題なく申請できたとご連絡がありました。"
イントラマートで申請した飲食費申請を中止したい場合、どのように取り下げればよいですか？,Nhitsの各種リンクからintra-martの窓口にアクセスし、稼働中のシステムに関するお問い合わせは経理財務部へ、申請内容に関するお問い合わせはNHSS標準化推進G（06-7525-3142）にご連絡ください。,質問,イントラマート;飲食費申請;申請取り下げ;Nhits;経理財務部;NHSS標準化推進G;intra-mart;システム問い合わせ,,申請者,0.65,イントラマート　飲食費申請を上げていたが中止になった。取り下げたい。,"イントラマート　飲食費申請を上げていたが中止になった。取り下げたい。
取り下げボタンが見当たらない。","【対応内容(一次)】
Nhits＞各種リンク＞intra-martの窓口
稼働中のシステムに関するお問い合わせ　→　問い合わせ先　経理財務部、申請内容に関するお問い合わせと思われる。
NHSS標準化推進G　06-7525-3142　にかけてみる。

【対応内容(二次)】
nan"
イントラマートで飲食費結果申請をPDFファイルに変換した際に途中で切れてしまう場合はどうすればよいですか？,PDF保存時に選択されている範囲がすべて表示されていない可能性があります。印刷プレビュー画面の「拡大/縮小」欄で倍率を「60%~75%」に調整し、すべて表示されるかご確認ください。,トラブル,イントラマート;飲食費結果申請;PDF変換;途中で切れる;印刷プレビュー;拡大縮小;倍率調整;楽々精算,,申請者,0.95,【メール対応】イントラマート飲食費結果申請をPDFファイルに変換した際、途中で切れる,"※受信時刻：2025/09/03 (水) 11:13
ーーーーーーーーーーーーーーーーーーーーーーー
イントラマートで飲食費の結果申請を入力したのですが、上長承認済み後
楽々精算で申請するために、PDF保存しようとしたら、途中で切れてしまいます。

原因何かご存知でしょうか？","【対応内容(一次)】
※サポートデスク関口さんにフォローいただく

11:36　オオウラ様へメール送信
ーーーーーーーーーーーーーーーーーーーーーーーーー
お問合せいただいた件につきまして、
PDF保存に選択されている範囲にすべて入っていない可能性がございます。

以下の方法で、選択した範囲がすべて表示されるかご確認いただけますでしょうか。

印刷プレビュー画面「拡大/縮小」欄で、
倍率の数値を「60%~75%」で調整してすべて表示されるかお試しください。

以上、よろしくお願いいたします。
ーーーーーーーーーーーーーーーーーーーーーーーーー

9/8　連絡がないためクローズいたします。

【対応内容(二次)】
nan"
飲食費申請で承認後に誤入力を訂正する方法を教えてください,飲食費申請が最終承認まで進み「結果申請完了」となっている場合、申請内容の変更はできません。訂正申請が必要となります。詳細は「202411_飲食費・ゴルフ関係費intra-mart申請_操作マニュアル.xlsx」の「データ訂正について」シートをご確認ください。入力内容に関するお問い合わせはNH_経理財務部までお願いします。,質問,飲食費申請;承認後;訂正;誤入力;訂正申請;intra-mart;操作マニュアル;経理財務部,202411_飲食費・ゴルフ関係費intra-mart申請_操作マニュアル.xlsx,申請者,0.95,飲食費申請について承認されたものを訂正したい,"飲食費申請にて誤入力をした修正したいがどのようにしたらよいか
（上長にて承認したのちに金額が誤っていることに気づいた。
ステータスは結果申請完了となっている）","【対応内容(一次)】
2025/3/25　10:30　筒井
担当者へエスカレーション
ーーーーーーーーーーーーーーーーーーーーー

【対応内容(二次)】
進捗状況が「結果申請完了」とのことですので、最終承認までされている申請書かと思われます。
最終承認までされてしまい変更不可ということでしたら訂正申請が必要となります。

詳細につきましては、以下マニュアルの「データ訂正について」シートをご確認ください。
 202411_飲食費・ゴルフ関係費intra-mart申請_操作マニュアル.xlsx

また、飲食費申請の入力内容についてのお問合せ先はNH_経理財務部となります。
intra-martの窓口 - 問い合わせ先一覧 (sharepoint.com)

どうぞよろしくお願いいたします。"
飲食費申請を引き戻す方法を教えてください,飲食費申請が「上位役職者事前承認」ノードにある場合、申請者自身では引き戻しができません。「上位役職者事前承認」ノードの処理者に差戻しを依頼し、差戻し後に否認処理を行うことで申請を終了できます。,質問,飲食費申請;引き戻し;上位役職者事前承認;差戻し;否認処理;申請手順;申請取消;ワークフロー,,申請者,0.95,飲食費申請を引き戻したい,飲食費申請について別の方が申請したものと同じ内容の申請を行ったため、引き戻しを行いたい,"【対応内容(一次)】
2025/8/26　16:20　筒井
担当者へエスカレーション

【対応内容(二次)】
現在「上位役職者事前承認」ノードのため、申請者である石川さんが引戻しできない状態。
「上位役職者事前承認」ノードの処理者に差戻しいただくよう連絡を御願いしています。

差戻し後、否認処理にて案件終了できる旨お伝えしています。

→クローズ"
飲食費申請の申請データ一覧を日々取得する方法を教えてください,intra-martでは、ユーザIDは個人ごとに発行されており、共有IDや業務用アカウントの利用はできません。管理者ロールで申請データの参照やCSV出力は可能ですが、RPA等で自動出力する場合も個人IDでのログインが必要です。夜間バッチによる自動CSV出力も可能ですが、システム改修が必要となります。共有IDや複数の個人ID発行は禁止されていますので、詳細な方法やご相談はintra-martの窓口までお問い合わせください。,質問,飲食費申請;申請データ;intra-mart;CSV出力;管理者ロール;RPA;共有ID;自動取得,intra-martの窓口 - 問い合わせ先一覧 (sharepoint.com),申請者,0.95,飲食費申請にて申請データ一覧を日々取得したい,飲食費申請の申請データを日々取得したいがどのようにしたらよいか,"【対応内容(一次)】
2025/03/17　17:15　筒井

飲食費の閲覧について業務用アカウントにてintra-martを利用したいと考えているとのご連絡をいただく。
intra-martについてはユーザに紐づいているため、業務用アカウントでの利用は不可である旨を返答。
申請データ一覧を日々取得したいとの事。

担当者へエスカレーション

ーーーーーーーーーーーーーーーーーーーーー

【対応内容(二次)】
2025/3/18  10:15  蛭子本

管理者ロールで飲食費申請の参照ができることや、CSV出力できることは知っているとのこと。
RPAでCSVを自動出力したいため、業務用アカウントを作成したいとのことでした。
夜間バッチを作成して、決まった場所へCSV出力をすることも可能とはお伝えしましたが、お金をかけてまで改修はしたくないとのことでした。

intra-martはJSOX対象であるため、ユーザコードは1社1人１IDが原則であり、基本的に共有IDは禁止とお伝えして、
個人のユーザIDでintra-martにログインして動かすことはできないかご連絡しました。


担当者へエスカレーション

ーーーーーーーーーーーーーーーーーーーーー
2025/3/18　18:10　吉岡
メールにて杉本様へ回答済み。
（回答内容）
蛭子本から回答させてもらっている内容の繰り返しになってしまい、大変申し訳ないのですが、
統制上（JSOXとしてもルール化されています）、如何なる場合でも共有IDの利用は禁止と
されています。あくまでも個人を特定するIDであるべきとなります。

また、個人IDを複数発行することも禁止となります。

つまり、業務IDによる対処は不可となりますので、それ以外での方法検討等のご相談においては、
該当のアプリ担当者もしくは以下のお問合せ先までお願いします。
intra-martの窓口 - 問い合わせ先一覧 (sharepoint.com)"
飲食費申請で自社と他社で費用を分担する場合、どのように申請すればよいですか？,運用面のご質問のため、経理財務部にお問い合わせください。,質問,飲食費申請;費用分担;領収書;申請方法;経理財務部;会食;他社;自社,,申請者,0.6,飲食費申請にて、自社と他社で費用を分担する場合の申請について,"これから得意先との会食があるが、お相手の会社のルールで、お相手の会社の飲食費用はお相手の会社が出すため、領収書の金額と、実際に払う金額に差が出てしまう。
どのように申請すれば良いか。","【対応内容(一次)】
運用面のご質問のため、NH株式会社 経理財務部の山中さんにお問合せいただくようにお伝え。

【対応内容(二次)】
nan"
スマートフォンでNotesの飲食費・ゴルフ関係費申請DBを承認する方法を教えてください。,対象のスマートフォンから http://notes05.in.nipponham.co.jp/data16/golfoodb.nsf にアクセスし、NotesのID・パスワードでログインすると閲覧が可能です。申請方法や操作方法の詳細については、経理担当または日本ハムの経理財務部へお問い合わせください。,質問,Notes;スマートフォン;飲食費申請;ゴルフ関係費申請;承認;ログイン;経理;DB,http://notes05.in.nipponham.co.jp/data16/golfoodb.nsf,申請者,0.9,【Notes】スマホでの飲食費・ゴルフ関係費申請DBについて,"スマートフォンで、飲食費・ゴルフ関係費申請DBの承認はどうやってやりますか。

スマートフォンで、飲食費・ゴルフ関係費申請DBで決済している人がいるらしく、
それを見た上司からどうやってやるのか確認しておいてほしいと言われたとのこと。

そもそもスマホでNotesは開けるのでしょうか？","【対応内容(一次)】
確認し折り返し。終話。

平田さんに確認
----------------------------------------------------------
14:59　メール送信

表題の件につきまして、下記リンクに対象のスマートフォンからアクセスいただき、NotesのID・パスワードでログインいただくとスマートフォンでの閲覧が可能なようです。

こちらをクリック ⇒http://notes05.in.nipponham.co.jp/data16/golfoodb.nsf

ログイン後の申請方法や操作方法につきましては、サポートデスクでは分かりかねるため、
恐れ入りますが経理担当の方もしくは、日本ハムの経理財務部へお問い合わせいただけますでしょうか。
----------------------------------------------------------
14:59　架電

メール確認いただくようお伝えし終話。

【対応内容(二次)】
nan"
intra-martの飲食費・ゴルフ関係費申請DBで、参加人数の変更や理由などを申請書のどこに記入すればよいですか？,飲食費申請の「おしらせ」ボタンを押下すると、マニュアルが表示されます。詳細な記入方法については、intra-martの窓口に掲載されているNH経理財務部までお問い合わせください。,質問,intra-mart;飲食費申請;ゴルフ関係費申請DB;申請書;記入方法;参加人数変更;おしらせボタン;NH経理財務部,intra-martの窓口 - 問い合わせ先一覧 (sharepoint.com),申請者,0.95,【intra-mart】飲食費・ゴルフ関係費申請DBの記入方法を教えてほしい,"飲食費・ゴルフ関係費申請DBの記入方法を教えてほしい。
先週広島大学との懇親会が決まり、その飲食費の申請をあげた。
ただその後、自身の家族が急遽入院することになり、実際には行けなかった。
懇親会は5人の予定が4人になったりしたので、その理由など含めて申請書のどこかに書きたいがどこに書けばよいか分からない。飲食費は食肉側が負担してくれることになっている。","【対応内容(一次)】
担当部署より折り返しご連絡する旨をお伝え

PJ名：飲食費・ゴルフ関係費申請DB
申請者：河口.友美様

※左記の携帯へご連絡希望

【対応内容(二次)】
飲食費申請の入力内容についての質問でしたので、以下ご案内しました。

①intra-martの各システムのお問合せ先はintra-martの窓口に掲載しております。
intra-martの窓口 - 問い合わせ先一覧 (sharepoint.com)
?飲食費申請はお問合せ先はNH経理財務部となります。

②飲食費申請の「おしらせ」ボタンを押下すると、マニュアルが表示されます。"
飲食費・ゴルフ関係費申請DBで申請する方法を教えてください,イントラマートのトップ画面上部の「Workflow」から「申請一覧」をクリックし、「フロー」タブを押した後、左メニューの「9910 NH直轄・コーポレート管轄」→「NH経理財務部」を選択してください。詳細な申請方法は「202411_飲食費・ゴルフ関係費intra-mart申請_操作マニュアル.xlsx」をご確認ください。お問い合わせはNH経理財務部までお願いします。,質問,飲食費;ゴルフ関係費;申請DB;イントラマート;Workflow;申請方法;NH経理財務部;操作マニュアル,202411_飲食費・ゴルフ関係費intra-mart申請_操作マニュアル.xlsx,申請者,0.95,飲食費・ゴルフ関係費申請DBにて、申請方法を知りたい,"申請方法を知りたいとのこと。

フロー名：飲食費・ゴルフ関係費申請DB","【対応内容(一次)】
2025/01/08 10:01 板﨑対応

担当者へエスカレーション。
※お電話での対応をご希望されております。
--------------------------------------

【対応内容(二次)】
電話で申請書の開き方をご説明しました。

①イントラマート　トップ画面上部の「Workflow」　→　「申請一覧」　をクリックします。
②「フロー」のタブを押した後、左メニューの中から、「9910 NH直轄・コーポレート管轄」→「NH経理財務部」　を選択・クリックします。

また、マニュアルとお問合せ先をメールでお送りしました。

・飲食費の申請方法につきましては、以下マニュアルをご確認ください。
 　202411_飲食費・ゴルフ関係費intra-mart申請_操作マニュアル.xlsx

・飲食費申請のお問合せ先はNH_経理財務部となります。
・intra-martの窓口 - 問い合わせ先一覧 (sharepoint.com)"
飲食費・ゴルフ関係費申請DBで一度行った申請を再利用する方法を教えてください。,飲食費・ゴルフ関係費申請DBでは、「コピー新規」ボタンを使用することで申請を再利用できます。,質問,飲食費;ゴルフ関係費;申請DB;再利用;コピー新規;申請方法;操作方法;案件一覧,,申請者,0.95,飲食費・ゴルフ関係費申請DBにて、申請を再利用する方法を教えてほしい,"一度行った申請を再利用する方法を教えてほしい。

フロー名：飲食費・ゴルフ関係費申請DB","【対応内容(一次)】
2025/01/06 17:11 板﨑対応

担当者へエスカレーション。
--------------------------------------

【対応内容(二次)】
飲食費申請は「コピー新規」ボタンで再利用申請が可能であることをお伝えしました。
メールで案件一覧の確認方法をお送りしています。"
飲食費・ゴルフ関係費申請DBでテスト環境で作成した申請が削除できない場合の対応方法を教えてください。,本番環境で先行稼働していた申請書の場合、差戻し後にボタンが表示されず案件を終了できないことがあります。事前申請の場合は、取止めの手順で案件を終了させることが可能です。詳細な手順は担当部門にお問い合わせください。,質問,飲食費・ゴルフ関係費申請DB;テスト環境;申請削除;本番環境;差戻し;取止め;事前申請;案件終了,,申請者,0.9,飲食費・ゴルフ関係費申請DBにて、テスト環境で作成していた申請が消せない,"飲食費・ゴルフ関係費申請DBにて、テスト環境で作成していた申請を消したいが
消せないため対応方法をおしえてほしい。

対象のユーザ：清水 淳一
フロー名：飲食費・ゴルフ関係費申請DB","【対応内容(一次)】
2025/01/10 09:04 板﨑対応

担当者へエスカレーション。
--------------------------------------

【対応内容(二次)】
テスト環境ではなく、本番環境で先行稼働していた申請書でした。
差戻し後、ボタンが出てこないため案件を終了させることができないとのことでした。
結果申請ではなく、事前申請とのことでしたので、取止めで案件を終了させることができそうでしたので
取止めの手順をメールでお送りしました。"
飲食費・ゴルフ関係費申請DBでユーザーの所属を変更する方法を教えてください,飲食費・ゴルフ関係費申請DBのユーザー所属の変更については、日本ハム㈱経理財務部へお問い合わせください。,質問,飲食費申請DB;ゴルフ関係費申請DB;ユーザー所属変更;ノーツDB;操作方法;経理財務部;問い合わせ;申請DB,,申請者,0.65,【メール対応】お問い合わせ）ノーツDB　『飲食費・ゴルフ関係費申請Db」,"11:51 メール着
ーーーーーーーーーーーーーーーーーーーーーーーーーーーーーーーーーーー
表題の件、以下の図に有ります、ユーザーの所属を変更（修正）したい場面です。
お手続き方法をご存知でしょうか？
お忙しいところ恐縮ですが引き続きよろしくお願い致します。

飲食費・ゴルフ関係費　申請DB","【対応内容(一次)】
12:05 日本ハム㈱経理財務部 へ問い合わせて頂くよう返信

【対応内容(二次)】
nan"
飲食費・ゴルフ関係費申請DBで事前申請の金額を修正する方法を教えてください。また、事前申請が承認された後に申請を取り戻すことはできますか？,申請書を修正したい場合は、引戻しや差戻しを行い処理対象者を申請者まで戻すことで申請の修正が可能です。結果申請から事前申請に引戻しすることはできないため、再度事前申請を行う場合は結果申請を取止めし、コピー新規で再申請してください。最終承認までされて変更不可の場合は訂正申請が必要です。詳細は操作マニュアルの「データ訂正について」シートをご確認ください。,質問,飲食費申請;ゴルフ関係費申請;事前申請;金額修正;引戻し;差戻し;取止め;訂正申請;操作マニュアル,202411_飲食費・ゴルフ関係費intra-mart申請_操作マニュアル.xlsx;引戻し・再申請・取止め 方法 (sharepoint.com);承認・否認・差戻し 方法 (sharepoint.com),申請者,0.95,飲食費・ゴルフ関係費申請DBにて、事前申請は承認されると取り戻せないか,"事前申請は金額修正の取り戻しの仕方を教えてほしい。
また事前申請承認されると取り戻せないのか教えてほしい。

飲食費・ゴルフ関係費申請DB","【対応内容(一次)】
2025/04/14 11:37 板﨑対応

担当者へエスカレーション。

【対応内容(二次)】
お電話したのですが不在でしたので、メールで回答させていただきます。
申請書を修正したい場合は引戻し、差戻しを行い処理対象者を申請者まで戻していただければ
申請を修正することが可能です。

◆参考
引戻し・再申請・取止め 方法 (sharepoint.com)
承認・否認・差戻し 方法 (sharepoint.com)

結果申請から事前申請に引戻しすることはできないため、もう一度事前申請される場合は
結果申請を取止めしていただき、コピー新規で再度申請をお願いいたします。
また、最終承認までされてしまい変更不可ということでしたら訂正申請が必要となります。

詳細につきましては、以下マニュアルの「データ訂正について」シートをご確認ください。
 202411_飲食費・ゴルフ関係費intra-mart申請_操作マニュアル.xlsx

また、飲食費申請の入力内容についてのお問合せ先はNH_経理財務部となります。
intra-martの窓口 - 問い合わせ先一覧 (sharepoint.com)"
飲食・ゴルフ費用申請で、差戻し後に正しい承認者で再申請したのに、初回申請時の承認者が残っているのはなぜですか？,初回申請時の承認者の情報が保持されている可能性があります。差戻し後は一度申請を取止めてから、新規で正しい承認者を選択して申請してください。,質問,飲食費用申請;ゴルフ費用申請;承認者;申請フロー;差戻し;再申請;申請状況;承認者情報,,申請者,0.95,飲食・ゴルフ利用申請について,"飲食・ゴルフ費用申請にて
承認者を選択する画面にて申請フローに関係ないユーザーを含めて申請した（3名）
差戻しを行い正しい承認者で再申請をし申請状況を確認したところ
初回に申請した承認者が3名の状態になっていた。なぜか？","【対応内容(一次)】
初回申請時の承認者の情報を保持している可能性がある為、
1度　差戻し→取止めをしていただき新規で承認者2名で申請していただくようご案内

【対応内容(二次)】
nan"
飲食ゴルフ申請で代理入力者が結果申請後に引戻し操作はできますか？,現在の飲食費やゴルフ費申請のバージョンでは、代理入力者も結果申請後に引戻し操作が可能です。ただし、引戻しができるのは現在が「代理元承認」ノードの場合のみです。また、申請日が2025/6/18以前の場合は以前のバージョンが適用され、結果申請ノードの後に引戻しはできません。,質問,飲食ゴルフ申請;代理入力者;結果申請;引戻し;申請フロー;ノード;バージョン;申請日,,申請者,0.95,飲食ゴルフ申請の結果申請後の引戻しについて,"代理入力者A、申請者B、承認者Cのフローにて
代理入力者Aが「結果申請」をしたら、代理入力者Aは「引戻し」操作できる　と思っていたのですが、「できない」という声がありました。
引戻しができるのは、あくまで代理ではない「通常の申請時」だけでしたでしょうか？","【対応内容(一次)】
代理入力者が結果申請を行った後の「引戻し」につきまして、現在の飲食費やゴルフ費申請のバージョンであれば代理入力者Aも引戻しができる仕様となっております。
「引戻しができない」というお声が上がっている理由として、下記の2つが考えられます。
 
①現在のノードが「上位役職者結果承認」以降となっている場合
　⇒引戻しが可能なのは現在が「代理元承認」ノードの場合のみとなっております。
 
②申請日が2025/6/18以前となっている場合
　⇒6/18以前は以前のバージョンが適用されます。
　　以前のバージョンでは結果申請ノードを申請した後に引戻し操作ができない仕様であったため、申請日が6/18以前の場合は結果申請ノードの後の引戻しはできません。
 
⇒①に当てはまっていたため、相手方納得しクローズ

【対応内容(二次)】
nan"
intra-martで飲食費申請の承認後に「結果申請完了」メールが届かない場合はどうすればよいですか？,最終承認が完了していない場合、メールが届かないことがあります。申請状況は、画面上部の「Workflow」から「案件一覧」を選択し、「処理済（未完了案件）」等で対象案件を確認してください。案件が表示されたら「フロー」を選択し、承認経路や処理状況を確認できます。,トラブル,intra-mart;飲食費申請;承認;メール通知;結果申請完了;申請状況;案件一覧;ワークフロー,案件一覧 (sharepoint.com),申請者,0.95,【intra-mart】飲食費申請の承認後メールが届かない,"intra-martで申請を承認後、メールが届くはずだが届かないものがある。
二件申請しており、一件(3/6分)は「結果申請完了」が届いている。
もう一件(3/7分)も承認が完了しているはずだが届かないため現在の状況を伺いたい。","【対応内容(一次)】
申請者は町田様か→ ×
承認者が町田様か→ ×

3/6分のメールがあるとのことで、遠隔接続させていただくことに。

SKYSEA接続 SNZ1238414H
メールをログに添付。同様の申請で飲食日が3/7分の「結果申請完了」が届いていないとのこと。

フロー名：飲食費申請(?)
申請者：山本 陽一 様
承認者：西田 至 様
申請日：3/5(?)
飲食日：2025/03/07

担当部署より折り返しご連絡する旨お伝えし終話。

※ご担当者様、お手数をおかけしますがご確認いただけますでしょうか。

【対応内容(二次)】
2025/03/12 11:00 板﨑対応

担当者へエスカレーション。
--------------------------------------

お電話したのですが、不在でしたのでメールで以下のように回答しました。
結果申請完了メールが届かないとのことですが、最終承認されていないためメールが届いていない可能性があります。
以下の手順で申請状況を確認することが可能ですので、ご確認のほどよろしくお願いいたします。

■案件確認手順
案件一覧 (sharepoint.com)

①画面上部の「Workflow」にカーソルを合わせて、「案件一覧」を押下ください。
②「案件一覧」が表示されますので、「処理済（未完了案件）」等を選択して対象案件がないか確認してください。
③案件が表示されたら、カーソルを合わせて、「フロー」を選択してください。
④別ウィンドウで、案件の承認経路を照会する画面が表示されます。
この画面で対象の案件がどこまで処理されていて、どなたが処理中か確認頂けます。"
intra-martの飲食申請で会社検索がうまくできない場合はどうすればよいですか？,会社検索時に登録されている会社名と検索した文字が微妙に異なる場合、会社コードで検索することで解決できます。,質問,intra-mart;飲食申請;会社検索;会社コード;検索方法;システム;会社名;トラブルシューティング,,申請者,0.95,【intra-mart】飲食申請について,intra-martの飲食申請で会社検索が上手くできない,"【対応内容(一次)】
フロー名：飲食申請

担当へ連携する旨お伝え

【対応内容(二次)】
2024/12/11 15:44 今津対応

アプリ担当者へエスカレーション実施。
--------------------------------------

2024/12/11 17:15 蛭子本

会社検索で検索した際、登録されている文字と微妙にことなっていたため出てきませんでした。
会社コードで検索して解決したとのことでした。

検索時「システム」
登録されている会社名「日本ﾊﾑｼｽﾃﾑｿﾘｭｰｼｮﾝｽﾞ」"
intra-martの飲食事前申請の申請結果はどこで確認できますか？,intra-martの窓口に掲載されている「案件一覧」の説明ページでご確認いただけます。詳細は以下のページをご参照ください。また、intra-martの窓口にお問合せ先も掲載されています。,質問,intra-mart;飲食事前申請;申請結果;案件一覧;確認方法;説明ページ;窓口;問い合わせ先,https://nipponham86.sharepoint.com/sites/im_counter/SitePages/matters.aspx,申請者,0.95,【intra-mart】飲食事前申請について,intra-martの飲食事前申請で結果申請ができているか等分からない。分かる人に繋いでほしい。,"【対応内容(一次)】
担当へ連携する旨お伝え

【対応内容(二次)】
2024/12/13 16:20 板﨑対応

アプリ担当者へエスカレーション。
--------------------------------------

intra-martの窓口に掲載している「案件一覧」の説明ページをご案内しました。

https://nipponham86.sharepoint.com/sites/im_counter/SitePages/matters.aspx

また、intra-martの窓口にお問合せ先を掲載していることをお伝えしました。"
intra-martの飲食費申請で申請金額を修正する方法を教えてください,申請書を修正したい場合は、引戻しや差戻しを行い、処理対象者を申請者まで戻すことで修正が可能です。結果申請から事前申請に引戻すことはできないため、再度事前申請を行う場合は結果申請を取止めし、コピー新規で再申請してください。最終承認後は訂正申請が必要です。詳細は「202411_飲食費・ゴルフ関係費intra-mart申請_操作マニュアル.xlsx」の「データ訂正について」シートをご確認ください。飲食費申請の入力内容についてはNH_経理財務部までお問い合わせください。,質問,intra-mart;飲食費申請;金額修正;引戻し;差戻し;再申請;訂正申請;操作マニュアル,202411_飲食費・ゴルフ関係費intra-mart申請_操作マニュアル.xlsx,申請者,0.95,【intra-mart】飲食費申請の金額修正,"*********************************
【問い合わせ内容】
・フロー名：飲食費申請
・ワークフローでのお困り事（問合せ内容）：
飲食費申請の金額を修正したい。
*********************************","【対応内容(一次)】
２回電話したが繋がらないため、メールで回答

*********************************

お電話したのですが不在でしたので、メールで回答させていただきます。
申請書を修正したい場合は引戻し、差戻しを行い処理対象者を申請者まで戻していただければ
申請を修正することが可能です。

◆参考
?引戻し・再申請・取止め 方法 (sharepoint.com)?
承認・否認・差戻し 方法 (sharepoint.com)

結果申請から事前申請に引戻しすることはできないため、もう一度事前申請される場合は
結果申請を取止めしていただき、コピー新規で再度申請をお願いいたします。
また、最終承認までされてしまい変更不可ということでしたら訂正申請が必要となります。

詳細につきましては、以下マニュアルの「データ訂正について」シートをご確認ください。
 202411_飲食費・ゴルフ関係費intra-mart申請_操作マニュアル.xlsx

また、飲食費申請の入力内容についてのお問合せ先はNH_経理財務部となります。

intra-martの窓口 - 問い合わせ先一覧 (sharepoint.com)

【対応内容(二次)】
nan"
intra-martで飲食費申請をキャンセルする方法を教えてください,申請画面上の「処理」ボタンを押下し、処理種別を「取止め」に選択すると申請をキャンセルできます。支払先情報が「不明」の場合は他の選択肢を選んでから処理ボタンを押下してください。詳細な手順はintra-mart窓口の「■ 再申請・取止め」マニュアルをご参照ください。,質問,intra-mart;飲食費申請;キャンセル;取止め;申請画面;処理ボタン;支払先情報;再申請,■ 再申請・取止め,申請者,0.95,【メール対応】intra-mart飲食費申請のキャンセル方法について,"※受信時刻：13:15
ーーーーーーーーーーーーーーーーーーーーーーー
Intra-martで飲食費申請をしましたが、キャンセルをする入力方法をご教授お願い致します。","【対応内容(一次)】
13:26　高松様へメール返信
ーーーーーーーーーーーーーーーーーーーーーー
ご連絡いただきました件、申請を取り止める方法という意味でしょうか。

取止める方法につきましては、intra-martの窓口に手順が掲載されておりますので、
以下リンクをご確認頂きますようお願い致します。

　引戻し・再申請・取止め 方法 ⇒「■ 再申請・取止め」 をご参照ください。
ーーーーーーーーーーーーーーーーーーーーーー

15:32　高松様よりメール着
ーーーーーーーーーーーーーーーーーーーーーー
事前申請しましたが、使用しなかったため、今回の申請自体をキャンセルする方法を
教えて頂きたいです。
下記のように、結果申請作成中になっております。
ーーーーーーーーーーーーーーーーーーーーーー

15:53　高松様へフローの確認依頼メール送付
16:04　高松様よりメール着

＜対象フロー名＞
9910_NH直轄・コーポレート管轄 ＞ NH経理財務部
　　　　　　　 ＞飲食費・ゴルフ関係費申請 ＞飲食費申請

・現在は、「結果申請作成中」となっており申請自体をキャンセルしたい。
・そもそも申請方法が間違えていたのか。

ーーーーーーーーーーーーーーーーーーーーーーーーー
※メールを添付しました。ダウンロードしてご確認お願い致します。

【対応内容(二次)】
結果申請作成中ですので、申請画面から取止めが可能です。
画面上の「処理」ボタンを押下後、処理種別を「取止め」にしていただくと
案件を終了することができます。
ーーーーーーーーーーーーーーーーー
ユーザから再問合せ。（蛭子本さんお休みだったため、藤本対応）
処理ボタンの後に処理種別がない
→案件一覧の処理ボタンと申請画面の処理ボタンを混同されている様子だったため、申請画面上の処理ボタンを押下後に処理種別が表示されることお伝え。

申請画面上の処理ボタンを押下すると支払先情報のメッセージが表示される。
明日(7/8)電話する
→支払先情報が「不明」の場合のエラーメッセージのため、他の選択肢を選んでいただいてから処理ボタンを押下いただくようご案内。
ご不明点があれば入電いただくようお伝え。

→ユーザから解決した旨のご連絡あり。クローズ。"
intra-martの飲食費申請で、会食費用の事前申請後に結果申請ができない場合はどうすればよいですか？,6月18日以前に事前申請された飲食費申請書の場合、結果申請は代理者のみが申請できます。6月19日以降に申請された申請書は、申請者と代理者の両方が結果申請できますが、7月中旬頃の改修で元の仕様（代理者のみ申請可能）に戻る予定です。,質問,intra-mart;飲食費申請;会食費用;結果申請;代理申請;事前申請;仕様変更;申請者,,申請者,0.95,【intra-mart】飲食費申請の結果申請ができない,"会食費用の申請を代理で実施してもらい確定した。
会食に参加し、結果を入れようと思っているが、結果申請ができない。","【対応内容(一次)】
フロー名を確認

9910_NH直轄・コーポレート管轄 ＞ NH経理財務部 ＞飲食費・ゴルフ関係費申請
　＞ 飲食費申請

担当より連絡させて頂くとお伝え。

【対応内容(二次)】
2025/06/27　16:17　筒井
担当者へエスカレーション
ーーーーーーーーーーーーーーーーーーーーーーーーーーーーーーーーーーーーーーーーーーーーーー

6/18以前に事前申請された申請書でしたので、結果申請は代理者しか申請できないことをお伝えしました。

※6/19以降に申請された申請書の場合は、結果申請時に画面上の申請者（代理元申請者）と代理者の両方申請できるのですが、
　７月中旬頃に６次改修で元の仕様（結果申請は代理者しか申請できない）に戻す予定です。"
intra-martで飲食費申請の進捗状況を確認する方法を教えてください。,intra-martで申請した飲食費申請の進捗状況は、案件一覧から確認できます。案件一覧で対象の案件をクリックすると、進捗状況や承認経路、処理中の担当者を確認できます。詳細は案件一覧の説明サイトや、飲食費申請独自のステータスについては操作マニュアルの「ステータス画面解説」シートをご参照ください。,質問,intra-mart;飲食費申請;進捗状況;案件一覧;承認経路;ステータス;操作マニュアル;確認方法,案件一覧 (sharepoint.com);202411_飲食費・ゴルフ関係費intra-mart申請_操作マニュアル.xlsx (sharepoint.com),申請者,0.95,【intra-mart】飲食費申請の進捗状況確認方法について,飲食費申請の進捗状況確認方法について教えてほしい,"【対応内容(一次)】
intra-martログインは出来ている。

フロー名：飲食費申請

担当部署より折り返しご連絡する旨お伝えし終話。

==========================================================
※ご担当者様、恐れ入りますがご対応いただけますでしょうか。
　折り返しのご連絡は、記載の番号へお願いいたします。
==========================================================

【対応内容(二次)】
2024/12/25 13:35 板﨑対応

担当者へエスカレーション。
--------------------------------------

intra-martで申請した案件は案件一覧から確認ができます。
案件一覧で対象の案件をクリックすると、進捗状況を確認することが可能です。

③ フロー　/　別ウィンドウで、案件の承認経路を照会する画面が表示されます。
　　　　　　　この画面で対象の案件がどこまで処理されていて、どなたが処理中か確認頂けます。

詳細は、以下サイトに説明を記載しております。
案件一覧 (sharepoint.com)

また、飲食費申請独自のステータス（進捗状況）は以下マニュアルの「ステータス画面解説」シートに記載しています。
202411_飲食費・ゴルフ関係費intra-mart申請_操作マニュアル.xlsx (sharepoint.com)"
intra-martの飲食費申請で、当社が全て支払いする場合は「領収書の分割有り」をチェックする必要がありますか？,自社で全て支払う場合は「領収書の分割有り」のチェックは不要です。領収書分割は、領収書を分けて発行した場合にチェックをつける必要があります。,質問,intra-mart;飲食費申請;領収書分割;ワークフロー;申請方法;ゴルフ;支払い;操作方法,intra-mart飲食費申請画面のお知らせ,申請者,0.95,【intra-mart】飲食ゴルフ問合せ,"*********************************
【問い合わせ内容】
・フロー名：飲食費申請
・ワークフローでのお困り事（問合せ内容）：
飲食ゴルフの申請で、当社が全て支払いする場合、　「領収書の分割有り」をチェックしないと金額を入力できない。
当社が全て支払いする場合は、下記の入力は不要ですか？　
*********************************","【対応内容(一次)】
普通に自社で全て支払う場合は上記のチェックは不要かと思います。
領収書分割は領収書を分けて発行した場合にチェックをつける必要があるみたいです。

参考情報として、intra-martの飲食費申請画面のお知らせのリンクをお送りしました。

【対応内容(二次)】
nan"
intra-martの飲食費申請の計算ロジックはどこで確認できますか？また、2027年10月以降の計算ロジック変更はどのように対応すればよいですか？,飲食費申請の計算ロジックはシステムで実装されており、計算処理のパターンは資料にまとめています。2027年10月以降の計算ロジック変更については、既存の申請書の改修で対応可能です。変更内容が確定次第、早めに改修をご依頼ください。,要望,intra-mart;飲食費申請;計算ロジック;計算処理;申請書改修;システム;資料;2027年10月,,申請者,0.95,【intra-mart】飲食費申請の計算ロジックについて,"*********************************
【問い合わせ内容】
・フロー名：飲食費申請
・ワークフローでのお困り事（問合せ内容）：
計算ロジックを定義した資料をお持ちでしたら　頂戴できないでしょうか？
（もともと私が要望した計算ロジックなのですが、私自身が当時の資料を見つけられなく、いちばん最初の要件定義書も確認したのですが、そちらには記載がありませんでした。。）
?さ来年の2027年10月から、ここの計算ロジックを変える必要がありまして、マスタで変更できるのかな？とマスタを覗きに行ったのですが、マスタではなさそうでしたので、多分システム的に組んでいただいていると思っております。
*********************************","【対応内容(一次)】
2025/12/23 17:08　蛭子本

おっしゃる通り、計算ロジックはシステムで組んでおります。
計算処理のパターンは資料にまとめております。

*********************************
2025/12/23 17:36　山中さん

数字を　2027年10月から　「7」　に変更します。　飲食予定/実施日　をKEYにして、2027年9月末までは、 110*8  2027年10月1日からは　110*7 にしたいとなると、数字変更だけではなく、新規開発になりますかね？？

*********************************
2025/12/23 17:57　蛭子本

新規開発ではなく既存の申請書を改修することで上記の実装は可能かと思います。
来期で問題ございませんので、変更内容が確定しましたら早めに改修をご依頼いただけますと幸いです。

【対応内容(二次)】
nan"
intra-martの飲食費申請で、事前申請後に氏名の誤りで差し戻された申請を放置し、飲食予定日が申請日より前の日付で入力されている場合に「飲食予定日が申請日より前の日付で入力されていません」というエラーが表示される場合の対処法は？,飲食費が過ぎている場合、事前申請はできません。再申請の際は申請の種類を変更できないため、新たに申請をあげ直してください。未処理に残っている申請は「飲食予定日」の内容を変更の上、取止めを行ってください。,トラブル,intra-mart;飲食費申請;事前申請;差し戻し;エラー;飲食予定日;申請日;申請取止め,,申請者,0.95,【intra-mart】飲食費の結果申請ができない,"intra-mart内の飲食費申請の事前申請を実施したが、7名入力したうちの1名の氏名が間違っていたようで差し戻されていた。
差し戻されていたことに気づかず、飲食が終わり、結果申請を実施しようとしたが、「飲食予定日が申請日より前の日付で入力されていません」といったエラーになる。","【対応内容(一次)】
申請番号：2025082600084B
フロー名：飲食費申請
ユーザーコード：HENNGE Oneでログインされているとのこと
申請者：菅之屋 匡志様

確認後に折り返し連絡させていただくとお伝え
念のため、担当窓口の番号を教えてほしいとのこと。
担当窓口の番号は情報を持っていない旨をお伝えし、一旦はお待ちいただけるとのことでご了承いただく。

※恐れ入りますが、携帯へご連絡をお願いします

【対応内容(二次)】
飲食費が過ぎている場合、事前申請はできないことお伝え。
また、再申請の際に申請の種類は変更できないので、新たに申請をあげ直していただく必要があることお伝え。
⇒ユーザ了承。

未処理に残っている申請は「飲食予定日」の内容を変更の上、取止めを行っていただくようにお伝え。
⇒ユーザ了承。"
intra-martの飲食費申請画面で「申請」ボタンをクリックした際にエラーメッセージが表示され、ブラウザの「戻る」ボタンを押すと『このWebページを正しく表示するには、前に入力したデータを再送信してください。これを行うと、このページ以前に実行された操作が繰り返されます。』と表示され申請画面に戻れない場合の対処法は？,申請画面でエラーが表示された後、ブラウザの「戻る」ボタンを押すと入力内容の画面に戻れない場合があります。この場合、画面の「更新」ボタンをクリックすると申請画面に戻れますが、入力内容がすべて失われる可能性があります。再度申請を行う際は、適宜一時保存を行い、前の画面に戻る場合は申請画面内の「戻る」ボタンを使用してください。,トラブル,intra-mart;飲食費申請;申請ボタン;エラーメッセージ;ブラウザ戻る;更新ボタン;入力内容消失;一時保存,,申請者,0.95,【intra-mart】飲食費申請について,"飲食費申請を行っており、「申請」ボタンをクリックした際にエラーメッセージが表示されたため、
戻るボタンを押したところ下記、メッセージが表示され、申請画面に戻れない。

「このWebページを正しく表示するには、前に入力したデータを再送信してください。
これを行うと、このページ以前に実行された操作が繰り返されます。」","【対応内容(一次)】
リモート実施（SN45051861H）
戻るボタンは申請画面内ではなく、ブラウザ自体の「戻る」ボタンを押されたとのこと。
折り返しさせていただく

※サポートデスク藤本さんへご相談
更新をクリックしてどうか。

9：23　安川様へ架電
安川様が押された「戻る」ボタンはブラウザ自体の戻るボタンであるため、
入力された内容の画面に戻ることはできない可能性が高いとお伝え
更新ボタンをクリック頂くと入力画面に戻ると思われるが、入力内容がすべて失われる可能性が高いこともお伝えし、了承を頂いたうえで更新をクリック。
入力内容は消えてしまったため、再入力いただくようご案内。
適宜一時保存をしていただくこと、前の画面に戻りたい際は申請内の「戻る」ボタンを選択していただくよう案内
申請をクリックした後に「戻る」ボタンが表示されなかったとのこと。

念のため案件一覧より、前の申請がされていないことを確認いただき、切電。

【対応内容(二次)】
nan"
intra-martの飲食ゴルフ申請で結果申請から取止め（差し戻し）ができない場合はどうすればよいですか？,現在、intra-martの飲食ゴルフ申請では結果申請から取止め（差し戻し）は行えません。11月14日以降に改修予定ですが、それまでは案件の強制削除など個別対応となります。詳細は担当部門にお問い合わせください。,トラブル,intra-mart;飲食ゴルフ申請;結果申請;取止め;差し戻し;強制削除;システム改修;操作方法,,申請者,0.95,【intra-mart】飲食ゴルフ申請の差し戻しが出来ない,intra-martの飲食ゴルフ申請の操作について聞きたい。,"【対応内容(一次)】
簡単に内容をお伺い。
飲食ゴルフの事前申請をして承認が下りた。
結果として、申請が未実施となり、差し戻しを上司に依頼したが、出来ないと回答があった。
マニュアル通りにやっているつもりだが、なぜ出来ないのかわからない。

担当者へ連携させていただくが、回答が明日になる可能性ありとお伝え ⇒ ご了承いただける。

※ご担当者様、恐れ入りますがご対応いただけますでしょうか。

【対応内容(二次)】
2024年11月7日　篠崎記載
一次担当者の問合せ記載内容から飲食費・ゴルフ関係費申請DB担当へエスカレーションする。
ーーーーーーーーーーーーーーーーーーーーーーーーーーーーーーーーーーー

2024/11/8 蛭子本記載
intra-martの飲食ゴルフ申請で結果申請から取止めを行いたいとのことですが、
申し訳ございません、現在、結果申請では取止めが行えない状態となっております。
（11月14日には結果申請から取止めができるように改修を行う予定です）
そのため、今回はこちらで案件を強制削除させていただこうと思います。

案件番号　0000180106　
管理NO　20241101-00003B

ーーーーーーーーーーーーーーーーーーーーーーーーーーーーーーーーーーー

2024/11/20 蛭子本記載
案件削除をアプリ開発Gへ依頼しました。

ーーーーーーーーーーーーーーーーーーーーーーーーーーーーーーーーーーー

2024/11/26 蛭子本記載
案件削除完了したため、山本様にご連絡しました。"
飲食費・ゴルフ関係費申請DBで申請入力後に「SOAの実行失敗」が表示され、一時保存できない場合の対処法は？,飲食費・ゴルフ関係費申請DBで申請入力後に「SOAの実行失敗」が表示される場合、別タブや別ウィンドウでintra-martを開いているとエラーになることがあります。入力しているタブ以外でintra-martを開かないようにしてください。,質問,飲食費・ゴルフ関係費申請DB;SOAの実行失敗;一時保存;エラー;intra-mart;申請入力;別タブ;別ウィンドウ,,申請者,0.95,飲食費・ゴルフ関係費申請DBにて、申請入力後SOAの実行失敗が表示される,"飲食費・ゴルフ関係費申請DBにて、申請入力後SOAの実行失敗が表示される。
一時保存しようとしたがエラーにより保存できないとのこと。
上記対処方法を知りたいとのこと。

フロー名：飲食費・ゴルフ関係費申請DB","【対応内容(一次)】
2025/01/10 10:36 板﨑対応

担当者へエスカレーション。
--------------------------------------

【対応内容(二次)】
一時保存の際に申請入力後SOAの実行失敗が表示されるとのことですが、
別タブ・別ウィンドウでintra-martを開いているとエラーになる場合があります。

■参考
intra-martの窓口（よくあるご質問）
入力しているタブとは別タブ・別ウィンドウでintra-martを開くとログイン画面が表示され、ログインし申請すると「SOAの実行に失敗しました」のエラーが表示される"
intra-mart飲食費申請で10名を超える場合に「全行削除」と表示され、申請できない場合の対処法は？,intra-mart飲食費申請で出席者が10名以上の場合は、出席者情報の一番左に表示されている番号を右クリックし、削除を選択して明細行を全て削除してください。その後、出席者情報が記載されたファイルを添付ファイル欄にアップロードすることで申請が可能です。詳細な手順は操作マニュアルをご参照ください。,質問,intra-mart;飲食費申請;10名以上;全行削除;出席者情報;添付ファイル;エラー;操作マニュアル,202411_飲食費・ゴルフ関係費intra-mart申請_操作マニュアル.xlsx,申請者,0.95,飲食費申請にて申請できない,"東日本フード　いわき営業部　佐藤政志様

飲食費申請で10名を超えたときに添付ファイルに内容を記載中、
全行削除と表示されているため、削除を実施したが、
入力してくださいと表示され先に進めない。","【対応内容(一次)】
2025/2/13　12:55　筒井
担当者へエスカレーションを実施

【対応内容(二次)】
お電話したのですが、不在でしたのでメールにて回答いたしました。
intra-mart飲食費申請で出席者が10名以上の場合、出席者情報の削除とファイルの添付が必要となります。

①出席者情報の削除
出席者情報の一番左に表示されています番号を右クリックすると、削除が表示されますので
明細行を全て削除いただければ申請可能かと思います。

②ファイルの添付
出席者情報の下に表示されている添付ファイルへ出席者情報が記載されたファイルのアップロードをお願いいたします。

（参考）操作マニュアル
202411_飲食費・ゴルフ関係費intra-mart申請_操作マニュアル.xlsx (sharepoint.com)"
intra-martの飲食費申請で純社外の人数を編集できない場合はどうすればよいですか？,「得意先及び業界団体主催の会費制の懇親会に参加する場合はチェック」のチェックボックスにチェックが入っていると、純社外の人数が編集できません。チェックを外すと編集できるようになります。詳細はintra-martの窓口に掲載されているNH経理財務部までお問い合わせください。申請画面の「お知らせ」ボタンからマニュアルやQ＆Aページもご参照いただけます。,質問,intra-mart;飲食費申請;純社外;人数編集;チェックボックス;懇親会;NH経理財務部;操作方法,intra-martの窓口 - 問い合わせ先一覧 (sharepoint.com),申請者,0.95,【メール対応】intra-martの飲食費申請で純社外の人数を編集できない,"※受信時刻：17:37
ーーーーーーーーーーーーーーーーーーーーーーー
広報部で純社外の方を含む飲食費申請を実施して、結果申請をしようとしたのですが、
純社外の人数の所が編集できず、何か方法無いか？確認させて下さい。
※出席者情報には社外の方の氏名を8名分入れています。

<画像：intra-mart画面（飲食費申請）>","【対応内容(一次)】
フロー名：飲食費申請
 → IM運用台帳>社外開発分：以下を確認
・PJ名：飲食費・ゴルフ関係費申請DB
・QSCloudエスカレーション先：マイグレ保守(intra-mart)

ご担当者様、メールを添付しました、ご対応お願いできますでしょうか。

【対応内容(二次)】
以下メールしました。

ーーーーーーーーーーーーーーー
「純社外」の人数が入力できないのは、「得意先及び業界団体主催の会費制の懇親会に参加する場合はチェック」の
チェックボックスにチェックが入っているためです。
チェックを外していただくと、「純社外」の人数が入力できるようになります。

また、飲食費申請の入力内容につきましては、お問合せ先がNH経理財務部となりますので
intra-martの窓口に掲載されておりますお問合せ先へご連絡いただけますと幸いです。
intra-martの窓口 - 問い合わせ先一覧 (sharepoint.com)

申請画面の「お知らせ」ボタンを押下いただきますと、マニュアルやQ＆Aのページを開くことができます。"
intra-martの飲食費・ゴルフ関係費申請で『自社』の項目に「1名以上入力してください」というエラーが表示される場合の対処法は？,現状、飲食費・ゴルフ関係費申請で自社を0人で申請する方法はありません。申請方法についてはNH経理財務部にお問い合わせください。なお、今後の改修で自社0人を許容する対応が予定されています。,トラブル,intra-mart;飲食費申請;ゴルフ関係費申請;エラー;自社;1名以上入力してください;NH;申請方法,,申請者,0.95,【intra-mart】飲食費・ゴルフ関係費申請にて「1名以上入力してください」のエラーとなる,"飲食費・ゴルフ関係費申請にて、国内食肉第二事業部のグループ会社であるホワイトファームで入力する際に、
自社（NH）のユーザーがおらず『自社』の項目で「1名以上入力してください」のエラーとなる。","【対応内容(一次)】
申請者は梅原様か→ × ホワイトファームの田中社長とのこと

フロー名：飲食費・ゴルフ関係費申請
申請者：田中.雄一郎 様 /日本ホワイトファーム_管理本部/tanaka
困りごと：飲食費・ゴルフ関係費申請にて、自社（NH）のユーザーがおらず、
　　　　  『自社』の項目で「1名以上入力してください」のエラーとなる。

担当部署へ連携させていただく旨お伝え。ご連絡は梅原様宛てを希望される。

※ご担当者様、お手数をおかけしますがご確認いただけますでしょうか。

【対応内容(二次)】
2025/04/16 10:55 板﨑対応

担当者へエスカレーション。
--------------------------------------

自己解決されていました。

【予定していた回答】
現状、自社を0人で申請する方法はありません。
申請方法につきましてはオーナーのNH経理財務部_山中様へご連絡ください。
※補足ですが、五次改修の要望で、結果申請以降、自社0人を許容するという対応があります。"
intra-martの飲食費・ゴルフ関係費申請DBを利用するために、特別な設定や申請は必要ですか？,intra-martの飲食費申請・ゴルフ関係費申請はNHGのどのユーザでも利用できるため、ユーザ申請の際に特別な設定や申請は不要です。,質問,intra-mart;飲食費申請;ゴルフ関係費申請;DB;NHG;ユーザ;設定;申請,,申請者,0.95,飲食費・ゴルフ関係費申請DBを使用したい,飲食費・ゴルフ関係費申請DBを使用したいのですが、intra-martのユーザ以外に必要でしょうか。,"【対応内容(一次)】
2026/3/11　筒井　担当者へエスカレーション
折り返し連絡する旨を案内しましたのでご連絡をお願いいたします。

【対応内容(二次)】
intra-martの飲食費申請・ゴルフ関係費申請はNHGのどのユーザでも利用できるため、ユーザ申請の際に特別な設定・申請は不要である旨お伝え。
→ユーザ了承し、終話"
intra-martの飲食費・ゴルフ関係費申請DBで、ユーザCDが廃止された場合にPDF出力する方法を教えてください,代理元承認者や承認者の方も案件を開いてPDF出力が可能です。案件一覧から処理済（完了案件）を選択し、詳細画面で印刷を行ってください。,質問,intra-mart;飲食費申請;ゴルフ関係費申請;申請DB;ユーザCD廃止;PDF出力;代理承認者;案件一覧,,申請者,0.95,【intra-mart】飲食費・ゴルフ関係費申請DBについて,"【intra-mart】飲食費・ゴルフ関係費申請DBについて、３．１６で担当であった「吉野 琢郎」様が関東ＮＦに異動になり、ＮＨ本体時代のintra-martのユーザCDが廃止になった。

飲食費・ゴルフ関係費申請をPDF出力してもらおうと思ったが、NH本体時代のユーザCDが廃止されているため、出力してもらうこともできない。


吉野 琢郎 様
NH本体時代のユーザCD：009910088013　※３．１６で廃止済
関東NFのユーザCD：0950950137","【対応内容(一次)】
飲食費・ゴルフ関係費申請DBのNHSS担当者を確認し、担当者から折り返すことをお伝え
　⇒NHSS_ノーツマイグレーション推進G　蛭子本さん

【対応内容(二次)】
代理元承認者か承認者の方も案件を開いてPDF出力可能なためご案内しました。

案件一覧　＞処理済（完了案件）　＞詳細　＞印刷"
飲食費・ゴルフ関係費申請がノーツからイントラマートに移行した場合、権限委譲の方法を教えてください。,飲食費・ゴルフ関係費申請も通常のワークフロー代理設定で問題ありません。操作マニュアルをご参照ください。,質問,飲食費申請;ゴルフ関係費申請;ノーツ;イントラマート;権限委譲;ワークフロー代理設定;操作方法;申請DB,操作マニュアル,申請者,0.95,飲食費・ゴルフ関係費 申請の権限委譲の方法について,"2024/10/30 14:36 今津対応

渋谷様より、下記の通り問合せあり。
--------------------------------------
いつも大変お世話になっております。

飲食費・ゴルフ関係費 申請がノーツからイントラマートに移行するに当たり、
権限委譲の方法を教えて頂けないでしょうか？

山中さんのメールにある通り、ワークフロー代理設定から以下の３つの権限を変更すれば大丈夫でしょうか？
ご確認の程お願い致します。","【対応内容(一次)】
2024/10/30 14:36 今津対応

飲食費・ゴルフ関係費申請DBのアプリ担当者へエスカレーション。
--------------------------------------

【対応内容(二次)】
飲食ゴルフも通常のワークフロー代理設定で問題ないことをお伝えして、操作マニュアルをお送りいたしました。"
イントラマートで所属組織を変更した場合、飲食・ゴルフ申請の承認経路も自動的に変更されますか？,飲食・ゴルフ申請は申請書画面上で承認者を設定する仕様のため、イントラマートで所属組織を変更してもシステム側で承認者が自動的に変更されることはありません。,質問,イントラマート;所属変更;飲食申請;ゴルフ申請;承認経路;承認者設定;稟議;システム仕様,,申請者,0.95,飲食ゴルフ申請の承認経路について,"イントラマートでの所属変更を申請をすることで、
稟議や交際費申請の承認経路が変わるという認識でよろしいでしょうか。","【対応内容(一次)】
稟議については稟議書担当が回答。

飲食・ゴルフ申請は申請書画面上で承認者を設定する仕様のため、intra-martで所属組織を変更してもシステム側で承認者が変更されることはない旨ご回答。

【対応内容(二次)】
nan"
intra-martの飲食ゴルフ関係費申請フローで申請者が退職した場合、申請や承認を別の人に設定する方法を教えてください。,退職者のアカウントが有効であれば、代理設定で代わりに申請・承認することが可能です。フロー画面から名前をクリックし、処理対象者状況確認で名前が表示されていればアカウントは有効です。ワークフロー代理設定の方法はintra-martの窓口にマニュアルが掲載されています。アカウントが無効の場合は、一時的にアカウントを復活させて代理設定を行うことも可能です。アカウントの登録については、intra-martの窓口に掲載されている申請者へご連絡ください。,質問,intra-mart;飲食ゴルフ関係費申請;ワークフロー;代理設定;退職者;アカウント;申請者変更;承認者変更,intra-martワークフロー代理設定マニュアル,申請者,0.95,【intra-mart】飲食費申請の申請者が退職の場合,"*********************************
【問い合わせ内容】
・フロー名：飲食ゴルフ関係費申請
・ワークフローでのお困り事（問合せ内容）：
フロー（「これから結果申請をします」という状態）で、竹永さんという人が退職したそうで、この竹永さんを別の人に設定できないか　という相談が来てるんですが、一回走ってしまっているフローで、かつボールが退職した人の所に来ている場合は、どうしようもないですよね？
このデータは使えないので、新規データで申請してもらうよう、お伝えする予定です。
*********************************","【対応内容(一次)】
退職者（竹永さん）のアカウントがまだ有効でしたら、代理設定で代わりに申請・承認することが可能です。
上記画面（フロー）から名前をクリックしていただき、処理対象者状況確認で名前が表示されたらまだ有効です。

ワークフロー代理設定の方法については、intra-martの窓口にマニュアルを掲載しております。

また、アカウントが無効で、他にも申請中の案件があり処理できない場合は、アカウントを一時的に復活させて代理設定を行っていただくことも可能です。
アカウントの登録（ユーザ申請）については、会社ごとで担当者が決まっておりますので、intra-martの窓口に掲載されている申請者へご連絡いただければ対応していただける可能性があります。

【対応内容(二次)】
nan"
intra-martの飲食申請で事前申請の承認者を誤って設定した場合、承認者を正しい人に変更する方法を教えてください。,結果申請ノードで承認者の変更はできません。また、結果申請ノードになると事前申請ノードまで戻すこともできないため、申請書を新たに作成し直す必要があります。運用上の他の方法があるかは担当部門にご確認ください。,質問,intra-mart;飲食申請;承認者変更;事前申請;結果申請;申請書;操作方法;申請フロー,,申請者,0.95,【intra-mart】飲食申請の承認者を変更したい,"飲食申請をあげていたが、事前申請の承認者を誤ってあげてしまった。
承認者もすでに承認しており、その後、結果申請しようとしたところ承認者が違うと発覚した。
承認者を本来の人に変更したいが、改めて上げ直すのか事前申請画面で修正ができるのか、
変更方法を教えて欲しい。","【対応内容(一次)】
管理No：20251021-00010B
申請者：岡島.大志様
フロー名：
9910_NH直轄・コーポレート直轄 ＞ NH経理財務部 ＞ 飲食費・ゴルフ関係費申請 ＞ 飲食費申請

担当より連絡させていただくとお伝え。

【対応内容(二次)】
結果申請ノードで承認者変更不可・結果申請ノードになると事前申請ノードまで戻すことができないため、申請書をあげ直す対応になると思われる。
しかし、他に運用されている方法があるかもしれないので、オーナーの山中様にご連絡いただきたい旨お伝え。山中様のご連絡をお伝え。
⇒お問合せ者様了承し、終話。"
intra-martの飲食費・ゴルフ関係費申請DBで、事業部長の異動により承認権限がなくなった場合、申請の差し戻しは誰が行えばよいですか？,代理設定をして代理承認する方法があります。異動や休職などで承認者が変更された場合、代理で申請・承認を行うことが可能です。代理設定の方法は、ワークフロー代理設定の操作マニュアルをご確認ください。なお、飲食ゴルフ申請は結果申請まで進むと申請者・承認者が引戻しできない状態ですが、8月頃に改修予定です。それまでは結果申請は差戻しでしか処理を戻すことができません。,質問,intra-mart;飲食費申請;ゴルフ関係費申請;事業部長;承認権限;代理設定;差し戻し;ワークフロー,ワークフロー代理設定 (sharepoint.com),申請者,0.95,【intra-mart】飲食費・ゴルフ関係費申請DBについて,"佐久営業部で飲食費申請をあげたのですが、結果申請の際には移動に伴い事業部長が変わっており、
当時の事業部長が承認権限を持っておらず処理を進めることができないです。
そのため改めて事後申請で上げていただく想定ですが、元の申請を差し戻したく存じます。
差し戻しをするにはどの方が行えば宜しいでしょうか。","【対応内容(一次)】
代理設定をして代理承認する方法があります。
今回のように異動された方や休職された方がいた場合、代理で申請・承認をすることが可能になります。
代理設定の方法につきましては、以下サイトに操作マニュアルを掲載しておりますのでご確認ください。
 
ワークフロー代理設定 (sharepoint.com)


【補足】
2025/3/28時点では、飲食ゴルフ申請は結果申請まで進むと申請者・承認者が引戻しをできない状態です。
こちらは8月頃に改修予定のため、それまで結果申請は差戻しでしか処理を戻すことができません。

【対応内容(二次)】
nan"
intra-martで飲食費申請を代理で行った際に、本来の申請者のところに未処理で申請が上がるのはなぜですか？,五次改修により、結果申請は代理元承認者（画面上の申請者）も申請できるようになったためです。,質問,intra-mart;飲食費申請;代理申請;未処理;五次改修;申請者;承認者;申請挙動,,申請者,0.95,【intra-mart】飲食費申請を代理で行った際の挙動について,"intra-martの飲食費申請を代理で上げた。
本来の申請者のところに未処理で上がっている。

今までも代理申請はしていたが、こんな挙動は初めてみた。
原因を知りたい。","【対応内容(一次)】
代理申請者：梅原.学様

※ご担当者様、恐れ入りますがご対応いただけますでしょうか。

【対応内容(二次)】
今回の五次改修で結果申請は代理元承認者（画面上の申請者）も申請できるようになったことをお伝えしました。"
intra-martで役員の飲食費申請を代理申請する方法と、所属が変更された場合でも代理申請が可能か教えてください,アカウント（ユーザコード）が変わらなければ、intra-martで代理申請を行っても問題ありません。ユーザの所属変更については、intra-mart管理部署（加工事業本部/管理統括室）へご連絡ください。,質問,intra-mart;飲食費申請;代理申請;役員;所属変更;ユーザコード;管理部署;加工事業本部;管理統括室,,申請者,0.95,【intra-mart】飲食費申請を代理申請したい,"役員の代わりにintra-martの飲食費申請の代理申請を行いたい。
3.16で海外事業部に異動したが旧所属の代理申請をしても良いのか。","【対応内容(一次)】
フロー名：飲食費・ゴルフ関係費申請

急ぎでの対応をご希望される。
担当部署に連携させていただくとお伝え。


※ご担当者様、恐れ入りますがご確認よろしくお願いいたします

【対応内容(二次)】
アカウント（ユーザコード）が変わらなければ申請いただいても問題ないことをお伝えしました。
ユーザの所属変更については、intra-mart管理部署（加工事業本部/管理統括室）へご連絡いただくようにお伝えしました。"
intra-martの飲食費申請で、承認者である上長自身が会食に参加する場合、結果申請は可能ですか？,intra-martの飲食費申請において、承認者である上長自身や閲覧者として設定された方は結果申請を行うことはできません。現状、結果申請ができるのは申請者のみです。,質問,intra-mart;飲食費申請;承認者;上長;結果申請;閲覧者;申請者;ワークフロー,飲食費申請マニュアル,申請者,0.95,【intra-mart】飲食費申請について,"intra--martで飲食費申請で事前申請まで終わっており、上長が承認済み。
急遽承認した上長も会食に参加することになった場合の対応について。","【対応内容(一次)】
【2/17 10:06-10:15】入電
*********************************
【ワークフローの問い合わせ】
・フロー名：飲食費申請
・intra-martのユーザコード：営業担当者のため不明
・intra-martの利用者名：営業担当者のため不明
・ワークフローでのお困り事（問合せ内容）：
①承認者である上長自身も結果申請することができるのか？
②閲覧者にほかの人設定しておけば、閲覧者として設定された方が結果申請できるのか？
本日申請したいため、早めに回答をいただきたい。
*********************************

【対応内容(二次)】
2025/02/17 10:37 今津対応

アプリ担当者へエスカレーション実施。
--------------------------------------

①、②どちらも結果申請はできません。
（現状、結果申請をできるのは申請者のみになります）

また、飲食費申請のマニュアルとお問合せ先をメールでお送りしました。"
飲食費申請で承認者が正しく設定されているかはどこで確認できますか？また、コピー新規した場合に承認者が反映されない場合の対処方法を教えてください。,飲食費申請で承認者が正しく設定されているかは、案件一覧のフローから確認できます。コピー新規した場合、承認者が画面上で表示されていてもintra-martの承認経路に反映されないことがあります。その場合は、差戻しや引戻しで案件を申請者に戻し、画面上で承認者を設定し直してください。,質問,飲食費申請;承認者;コピー新規;intra-mart;承認経路;案件一覧;フロー;差戻し;引戻し,,申請者,0.95,飲食費申請にて、承認者を確認したい,"飲食費申請にて、下記申請者の承認者が下記になっているか確認したいとのこと。

林 泰弘（申請者）
0099940164

稲富 聖二（承認者）
0099100170

また、上記承認者となっていない場合
他部署にも影響があるかもしれないとのことでそちらも確認してほしいとのこと。","【対応内容(一次)】
2025/04/17 10:50 板﨑対応

担当者へエスカレーション。

【対応内容(二次)】
電話で以下のように回答してクローズ。

コピー新規した場合、承認者が画面上で表示されていてもintra-martの承認経路に反映されない場合がある。
その場合は、差戻しや引戻しで案件を申請者にもどしていただき、画面上で承認者を設定すれば解決する。
正しく承認者が設定されているかは、案件一覧のフローから確認が可能。"
intra-martの「飲食ゴルフ関係費申請」ワークフローで、「過去申請から承認者を検索」ボタンの表示情報をリフレッシュする方法はありますか？,現状、「過去申請から承認者を検索」ボタン押下時の情報をリフレッシュする方法はありません。改修を行うことで一覧に申請日を表示し、申請日の新しい順で並べ替えて表示させることは可能です。,質問,intra-mart;飲食ゴルフ関係費申請;ワークフロー;承認者検索;過去申請;リフレッシュ;申請日;表示順,,申請者,0.95,【intra-mart】飲食費申請について,"*********************************
【問い合わせ内容】
・フロー名：飲食ゴルフ関係費申請
・ワークフローでのお困り事（問合せ内容）：

①「過去申請から承認者を検索」ボタンで、これまで選択してきた人が表示されますが、ここの情報をリフレッシュする方法ってのはあるのでしょうか？？（すべてを消したり、一部の人だけ消したり等）

②下記の事業本部マスタで、「海外事業本部」を「スポーツ・エンタテイメント事業本部」に名称変更しようと思ってます。ここで、過去データについては、名前は置き換わってしまったりするのでしょうか？　（イントラの特性からすると置き換わらずそのままかと推測しております）

*********************************","【対応内容(一次)】
①現状、 「過去申請から承認者を検索」ボタン押下時の情報をリフレッシュする方法はございません。
ですが、改修を行うことで一覧に申請日を表示し、申請日の新しい順で並べ替えて表示させることは可能かと思います。

②事業本部マスタですが、海外出張報告書と同様に、過去申請書の名称についても変更される仕様になっているようでした。
つきましては、既に登録済みの事業本部名を変更するのではなく、新たにコードを追加いただく運用でお願いできますでしょうか。

【対応内容(二次)】
nan"
intra-martの飲食申請で申請部署の表示を会社名1つのみにすることは可能ですか？また、グループ他社の役員の組織名称はどのように表示されていますか？,intra-martの飲食申請において、申請部署の表示を会社名1つのみにすることは、現在の仕様ではできません。グループ他社の役員についても、所属を会社にしている場合は会社名が2つ並んで表示されます。事業部に所属している場合は会社名＋事業部で表示されます。詳細やユーザ・組織登録については担当部署（NHSS標準化推進G）へお問い合わせください。,質問,intra-mart;飲食申請;申請部署;会社名;組織名称;役員;グループ会社;表示仕様,,申請者,0.95,intra-mart飲食申請につきまして,"標記の件、intra-martの飲食申請の件で質問があります。
申請者情報の申請部署の所ですが、現在当社では役員の所属組織を会社名にしている為、
申請部署の表示が会社名が２つ並んで表示されてしまいます。
この表示を会社名１つのみの表示にすることは可能でしょうか？
参考として教えていただきたいのですが、グループ他社さんの役員の方々の組織名称は
どのようにしているのでしょうか？","【対応内容(一次)】
2025/05/21 13:42 板﨑対応

問い合わせ頂いたメール添付致します。
担当者へエスカレーション。

【対応内容(二次)】
5/21 藤本対応

申請部署については会社名＋intra-mart上の所属組織が表示されるため、会社名を１つにすることは、現在の仕様ではできかねる旨お伝え。
他社の事例については、把握できていないため、明日以降担当の者から連絡する旨お伝え。

ーーーーーーーーーーーーーーーーーーーーーーーーーーーーーーーーーーーーーーー

5/22 蛭子本対応

参考として教えていただきたいのですが、グループ他社さんの役員の方々の組織名称は
どのようにしているのでしょうか？
⇒所属を会社にされている方は同じように会社名が２つ並んで表示されます。
　事業部に所属されている方は会社名＋事業部で表示されます。

また、intra-martのユーザ・組織登録に関しましては担当部署が異なりますので
申し訳ございませんが以下へお問合せいただけますと幸いです。

＜お問合せ先＞
NHSS　標準化推進G
TEL：06-7525-3142
intra-mart.operator@nipponham.co.jp"
intra-martで代理申請の承認者が誤って別会社の同姓同名の方に設定されている場合、どのように承認者を変更すればよいですか？,A5M2を使用して承認者のコードを確認し、正規の承認者と異なる場合は引戻しまたは差戻しを行い、承認者を変更できます。設定されている承認者はフロー図からも確認できます。,質問,intra-mart;代理申請;承認者設定;同姓同名;承認者変更;A5M2;フロー図;差戻し,,申請者,0.95,【メール対応】【intra-mart】飲食費事前申請（20251209-00073B）について,"※受信時刻：2025/12/23 (火) 8:10
ーーーーーーーーーーーーーーーーーーーーーーー
ご担当者様

いつもお世話になっております。
標記の件について、代理申請の承認者設定が同性同名の別会社の方に設定されている
可能性があり、確認を頂きたいのですが、お願いできますでしょうか。

正：日本ハム㈱前田文男副社長　
?日本フードパッカーに同姓同名の方がいらっしゃるようで、登録間違いになっているかの確認と、その場合の処理を
　お教えいただきたく、よろしくお願い申し上げます。","【対応内容(一次)】
正：前田.文男/NH_取締役副社長/maeda（U00880222）

日本フードパッカーのユーザー様について確認
→ 前田.文男（日本フードパッカー）/NFP_道南工場-ポーク部（U10019468）

※ご担当者様、お手数をおかけしますがご確認いただけますでしょうか。

※メールを添付しました。
　ダウンロードしてご確認お願い致します。

【対応内容(二次)】
A5M2を使用して、承認者のコードがフードパッカーの方になっていることを確認。
上記ご回答し、正規の承認者と異なるため、引戻し/差戻しを行って承認者を変更できることをお伝え。
また、補足としてフロー図から設定されている承認者を確認する方法をお伝え。"
intra-martの飲食費申請で、出席者情報の会社名欄に引退した方が参加する場合、どのように記載すればよいですか？,intra-martの飲食費申請で出席者情報の会社名欄は空欄にできません。引退した方が参加する場合の記載方法については、intra-martの窓口に掲載している問い合わせ先をご参照ください。詳細は担当部門にお問い合わせください。,質問,intra-mart;飲食費申請;出席者情報;会社名欄;引退者;申請方法;ワークフロー;問い合わせ先,https://nipponham86.sharepoint.com/sites/im_counter/Lists/List/AllItems.aspx?view=7&q=%E9%A3%B2%E9%A3%9F,申請者,0.6,【intra-mart】飲食費申請の出席者情報について,"飲食費申請の出席者情報に会社名を入力する欄がある。
引退した方が参加する場合の記載方法を教えてほしい。","【対応内容(一次)】
【1/27 12:16-12:23】入電
詳細をヒアリング。
担当者へ連携する旨お伝え。（13時以降の回答になる旨、ご了承済み）

＜ご担当者様＞
【ワークフローの問い合わせ】
・フロー名：飲食費申請
・intra-martのユーザコード：HENNGE ONE
・intra-martの利用者名：西堀.敦
・ワークフローでのお困り事（問合せ内容）：
引退した方が参加する予定の場合、出席者情報の会社名にどのように記載すれば良いか。
空欄で申請しようとすると入力を求められる。

【対応内容(二次)】
2025/1/27　13:10

担当者へエスカレーション
ーーーーーーーーーーーーーーーーーー

intra-martの窓口に掲載している問い合わせ先をお伝えしました。
https://nipponham86.sharepoint.com/sites/im_counter/Lists/List/AllItems.aspx?view=7&q=%E9%A3%B2%E9%A3%9F"
飲食費申請の承認メールのショートカットから申請が開けない場合はどうすればよいですか？,アカウントが複数存在する場合、普段ご利用のアカウントとは異なるアカウントで処理されている可能性があります。別のアカウント（例：0767から始まるアカウント）でご確認ください。パスワードを忘れた場合は、「パスワードを忘れた方はコチラ」のリンクから再設定してください。,質問,飲食費申請;承認メール;ショートカット;アカウント;HENNGE One;パスワード再設定;ログイン;申請画面,,申請者,0.95,飲食費申請にてショートカットが開けない,"飲食費申請にて承認者（森 幹雄様）へ届いたメールのショートカットから該当の申請を開こうとすると
ショートカットが開けない","【対応内容(一次)】
2026/4/3　13:45
担当者へエスカレーション

折り返し連絡先：森幹雄様
090-7558-2936

案件番号下6桁：591387

【対応内容(二次)】
転籍している方でアカウントが２つ存在している方でした。
普段「HENNGE One」からログインされているため、0099のアカウントで処理されているとのことです。
0767から始まるアカウントでご確認いただくようにお伝えしました。
また、パスワードを忘れてしまったとのことでしたので、「パスワードを忘れた方はコチラ」のリンクからパスワードを再設定いただくようにお伝えしました。"
イントラマートで承認依頼メールのURLをクリックすると「ショートカット情報が存在していません」と表示され、申請内容が確認できない場合の対処法は？,「ショートカット情報が存在していません」と表示される場合、既に承認や差し戻しなどの処理が完了している可能性があります。イントラマートの「未処理案件」だけでなく、未処理ボタンの右側にあるすべてのボタンの中に対象案件が存在していないかご確認ください。また、承認者が出向者の場合はアカウントが複数ある場合がありますので、正しいアカウントでログインしているかご確認ください。ログインIDは「会社コード(4桁)＋従業員番号」です。ログイン方法やパスワードのリセットについては案内サイトをご参照ください。,トラブル,イントラマート;承認依頼メール;ショートカット情報が存在していません;申請内容確認;未処理案件;アカウント切替;ログインID;出向者,,申請者,0.95,＜至急＞【メール対応】イントラマートの飲食承認について,"※受信時刻：12:13
ーーーーーーーーーーーーーーーーーーーーーーー
関東日本フード㈱の　イントラマート　飲食申請ですが
第一事業部の　承認者：池田事業部長に　承認依頼のメールは届くのですが
URLをクリックするとエラー画面になり　文章を確認できません

イントラマートにログインして　未承認を確認すると
未承認なしになっています
※詳細は添付のメールをご参照下さい

ーーーーーーーーーーーーーーーーーーーーーーーーーーーーー
＜添付メールの内容＞
差出人：池田.英恭/関東NF_第一(事) <h.ikeda.nf@nipponham.co.jp>
宛先　：山下.桂子/関東NF_総務部 <k.yamashita.nhss@nipponham.co.jp>

宇井部長のゴルフ申請ですがURLから入る事ができません。
“ショートカット情報が存在しません”というメッセージがでます。

イントラマートにログインし未処理案件を確認しましたがこの申請情報はありませんでした。","【対応内容(一次)】
フロー：a_19_飲食・ゴルフ申請_ゴルフ費申請
案件番号：0000585672

12:36　山下様へメール返信
ーーーーーーーーーーーーーーーーーーーーーーーーーーー
ご連絡いただきました件、URLをクリックすると「ショートカット情報が存在していません」と
表示される場合、既に承認や差し戻しなどの処理が完了している可能性がございます。

Intra-mart案件一覧の 「未処理案件」 には対象の案件が無いとのことですので、
未処理ボタンより右側のすべてのボタンの中に対象案件が存在していないか
ご確認お願いいたします。

4/21 9:30　メール着
ーーーーーーーーーーーーーーーーーーーーーーー
先日お問合せいたしました池田事業部長のイントラマートの申請ですが
その後も　未承認を確認することができません。

ゴルフ、飲食の申請が届きません。

承認ができませんので　至急ご対応をお願いいたします
ーーーーーーーーーーーーーーーーーーーーーーー

※申請が確認できないとのこと。メールを添付しました。

【対応内容(二次)】
「ショートカット情報が存在していません」の表示が出るとのことですが、
承認者が出向者のため、違うアカウントでログインされている可能性があります。
よくあるお問合せのリンクをお送りいたします。
 
承認依頼メール内のURLを開こうとすると、「ショートカット情報が存在していません」と表示される。

【1】    ログインID・パスワードが間違っている。
※出向者の場合はアカウントが２つありますので、正しいアカウントでログインをお願いいたします。

池田様の場合、「0950」から始まるアカウントと「0212」から始まるアカウントがありますので
現在ログインしていないアカウントでご確認いただけますでしょうか？

ログインIDは「会社コード(4桁) ＋ 従業員番号」になります。
ログイン方法やパスワードのリセットについては以下サイトに掲載しています。"
Notesの飲食費申請で、Outlookに『承認依頼が配信不要』と通知が届いた場合の対処方法は？,Notes側から送信された承認依頼メールが宛先に届かなかった場合、障害が発生している可能性があります。調査中の場合は、後日案内があるまでお待ちください。全社案内が未発信の場合もありますので、詳細は担当部門にお問い合わせください。,障害,Notes;飲食費;承認依頼;Outlook;配信不要;障害;申請DB;メール通知,,申請者,0.9,【障害】【Notes】飲食費の承認依頼が配信不要と届いた,事前にDBで申請した飲食費で、Outlookに承認依頼が配信不要と届いた。,"【対応内容(一次)】
ノーツ側から送信されたメールが、宛先に届かなかった通知メールと説明。
 → 障害が発生しており調査中の為、後で連絡すると案内。

全社案内は無いのか？お訊ね → まだ調査中で発信されてないと説明
誰に届いて無いのか？お訊ね ⇒ U10014409 → 中四国販売部「井内」様へ受信を確認するよう依頼
再申請などが必要か？お訊ね。
DB名：飲食費・ゴルフ関係費　申請DB>DB運用担当者：部門「山中 英嗣」様
 → 日本ハム 経理財務部「ヤマナカ」様へ確認するよう依頼（切電）

12/17 18:50 メール送信
------------------------------------------------------------------------------------------------------------------------
昨日はサポートデスクへお問い合わせ下さり、誠に有難うございます。
配信不能メールの障害について、遅くなり申し訳ございませんが、ご連絡致します。

2024/12/16 20:18に、メンテナンス完了のメールが全社に配信済みです。
以下に該当メールを転送いたしますので、ご確認いただけますでしょうか。
------------------------------------------------------------------------------------------------------------------------

【対応内容(二次)】
nan"
飲食ゴルフ費申請の代理入力時、承認通知メールは申請者にも届きますか？,事前承認時は申請者にはメールは届きませんが、結果承認時には代理者と申請者の両方に処理結果通知メールが届きます。ただし、五次改修前の申請書の場合は申請者にはメールが届きません。,質問,飲食ゴルフ費申請;代理入力;承認通知メール;申請者;代理者;事前承認;結果承認;五次改修,,申請者,0.95,飲食ゴルフ費申請の処理結果通知依頼について,"代理入力の場合に、代理者Ａ?申請者Ｂ?承認者Ｃで、Ｃが承認されたときの「承認通知メール」なんですが、代理者Ａには届くが、申請者Ｂには届かないのか（事前承認時及び結果承認時）
※Ｂの立場の方から、「届かないので届くようにして欲しい」という声をいただいたとのこと","【対応内容(一次)】
回答内容は以下となります。
 
事前承認時および結果承認時のメール通知について
事前承認時：申請ノードの処理者へ処理依頼メールを送信する仕様となっておりますので、代理元申請の場合は申請者Bにはメールは届きません。
結果承認時：処理結果通知メールのため、代理者Aにも申請者Bにもメールが届きます。
 
処理結果通知メールが届かないケース
・五次改修前の申請書の最終承認が完了した場合
　⇒五次改修前は処理結果通知を代理元Aのみに送信する仕様であったため、五次改修前の申請が今完了した場合は申請者Bにメールが届きません。
 
上記のケース以外で最終処理後の処理結果通知が届かない場合は改めてご連絡いただけますと幸いです。

⇒問合せ者承知のためクローズ

【対応内容(二次)】
nan"
飲食品申請の完了案件の未確認を一括で確認する方法を教えてください,案件一覧の未確認（完了案件）で一括確認を選択し、担当組織のプルダウンを変更すると案件が表示され、一括確認できます。,質問,飲食品申請;完了案件;未確認;案件一覧;一括確認;担当組織;プルダウン;操作方法,,申請者,0.95,飲食品申請にて、完了案件の未確認がたまっていく,飲食品申請にて、完了案件の未確認がたまっていくとのこと。,"【対応内容(一次)】
2025/04/25 09:50 板﨑対応

担当者へエスカレーション。

【対応内容(二次)】
案件一覧の未確認（完了案件）で一括確認したいとのこと。
一括確認を選択した際、担当組織のプルダウンを変更していただくことで案件が表示され、一括確認できた。"
